# x_m,y_m,w_tr_right_m,w_tr_left_m
-1.1250,5.8072,0.9802,0.9802
-1.0479,5.8072,0.9753,0.9753
-0.9707,5.8072,0.9729,0.9729
-0.8943,5.8004,0.9660,0.9660
-0.8190,5.7837,0.9511,0.9511
-0.7437,5.7669,0.9389,0.9389
-0.6675,5.7556,0.9354,0.9354
-0.5922,5.7388,0.9298,0.9298
-0.5169,5.7221,0.9269,0.9269
-0.4410,5.7090,0.9312,0.9312
-0.3654,5.6940,0.9372,0.9372
-0.2901,5.6773,0.9447,0.9447
-0.2148,5.6605,0.9545,0.9545
-0.1395,5.6438,0.9676,0.9676
-0.0660,5.6209,0.9783,0.9783
0.0060,5.5934,0.9802,0.9802
0.0764,5.5619,0.9772,0.9772
0.1406,5.5192,0.9713,0.9713
0.2000,5.4701,0.9579,0.9579
0.2545,5.4156,0.9438,0.9438
0.3053,5.3575,0.9212,0.9212
0.3512,5.2957,0.8988,0.8988
0.3940,5.2315,0.8777,0.8777
0.4380,5.1682,0.8526,0.8526
0.4833,5.1059,0.8238,0.8238
0.5225,5.0395,0.7990,0.7990
0.5641,4.9746,0.7709,0.7709
0.5990,4.9059,0.7491,0.7491
0.6304,4.8354,0.7301,0.7301
0.6597,4.7641,0.7137,0.7137
0.6795,4.6897,0.7082,0.7082
0.6983,4.6150,0.7007,0.7007
0.7182,4.5405,0.6918,0.6918
0.7349,4.4652,0.6885,0.6885
0.7517,4.3899,0.6842,0.6842
0.7607,4.3134,0.6805,0.6805
0.7693,4.2367,0.6727,0.6727
0.7750,4.1599,0.6632,0.6632
0.7750,4.0827,0.6541,0.6541
0.7750,4.0056,0.6395,0.6395
0.7750,3.9285,0.6252,0.6252
0.7750,3.8513,0.6145,0.6145
0.7750,3.7742,0.6061,0.6061
0.7750,3.6970,0.6026,0.6026
0.7750,3.6199,0.6045,0.6045
0.7750,3.5428,0.6115,0.6115
0.7750,3.4656,0.6201,0.6201
0.7750,3.3885,0.6268,0.6268
0.7669,3.3118,0.6270,0.6270
0.7583,3.2351,0.6259,0.6259
0.7498,3.1585,0.6220,0.6220
0.7413,3.0818,0.6144,0.6144
0.7296,3.0057,0.6035,0.6035
0.7134,2.9303,0.5922,0.5922
0.7048,2.8536,0.5907,0.5907
0.6963,2.7770,0.5911,0.5911
0.6878,2.7003,0.5933,0.5933
0.6793,2.6236,0.5979,0.5979
0.6750,2.5467,0.6035,0.6035
0.6678,2.4700,0.6102,0.6102
0.6593,2.3933,0.6158,0.6158
0.6507,2.3167,0.6227,0.6227
0.6374,2.2408,0.6234,0.6234
0.6207,2.1655,0.6223,0.6223
0.6039,2.0902,0.6274,0.6274
0.5948,2.0136,0.6340,0.6340
0.5863,1.9369,0.6360,0.6360
0.5698,1.8616,0.6288,0.6288
0.5584,1.7854,0.6259,0.6259
0.5499,1.7088,0.6220,0.6220
0.5413,1.6321,0.6144,0.6144
0.5328,1.5554,0.6059,0.6059
0.5250,1.4787,0.6000,0.6000
0.5250,1.4016,0.6000,0.6000
0.5250,1.3244,0.6000,0.6000
0.5250,1.2473,0.6000,0.6000
0.5250,1.1702,0.6000,0.6000
0.5250,1.0930,0.6000,0.6000
0.5229,1.0160,0.6000,0.6000
0.5144,0.9393,0.6000,0.6000
0.5059,0.8627,0.6000,0.6000
0.4973,0.7860,0.6000,0.6000
0.4888,0.7093,0.6000,0.6000
0.4803,0.6327,0.6000,0.6000
0.4750,0.5558,0.6000,0.6000
0.4750,0.4787,0.6000,0.6000
0.4750,0.4016,0.6000,0.6000
0.4750,0.3244,0.6000,0.6000
0.4750,0.2473,0.6000,0.6000
0.4678,0.1705,0.5934,0.5934
0.4593,0.0939,0.5874,0.5874
0.4508,0.0172,0.5852,0.5852
0.4423,-0.0595,0.5852,0.5852
0.4338,-0.1361,0.5852,0.5852
0.4252,-0.2128,0.5852,0.5852
0.4250,-0.2899,0.5928,0.5928
0.4250,-0.3670,0.5984,0.5984
0.4250,-0.4442,0.6000,0.6000
0.4250,-0.5213,0.6000,0.6000
0.4250,-0.5985,0.6000,0.6000
0.4183,-0.6752,0.6004,0.6004
0.4098,-0.7519,0.6027,0.6027
0.4013,-0.8286,0.6083,0.6083
0.3928,-0.9052,0.6168,0.6168
0.3842,-0.9819,0.6247,0.6247
0.3757,-1.0586,0.6289,0.6289
0.3750,-1.1357,0.6295,0.6295
0.3750,-1.2128,0.6272,0.6272
0.3667,-1.2895,0.6290,0.6290
0.3582,-1.3661,0.6290,0.6290
0.3497,-1.4428,0.6301,0.6301
0.3412,-1.5195,0.6349,0.6349
0.3293,-1.5956,0.6402,0.6402
0.3132,-1.6710,0.6445,0.6445
0.3047,-1.7477,0.6447,0.6447
0.2962,-1.8243,0.6458,0.6458
0.2877,-1.9010,0.6466,0.6466
0.2791,-1.9777,0.6467,0.6467
0.2750,-2.0546,0.6494,0.6494
0.2750,-2.1317,0.6521,0.6521
0.2750,-2.2088,0.6519,0.6519
0.2750,-2.2860,0.6507,0.6507
0.2750,-2.3631,0.6500,0.6500
0.2667,-2.4398,0.6583,0.6583
0.2582,-2.5165,0.6668,0.6668
0.2497,-2.5931,0.6753,0.6753
0.2411,-2.6698,0.6839,0.6839
0.2326,-2.7465,0.6924,0.6924
0.2186,-2.8222,0.7064,0.7064
0.2101,-2.8989,0.7149,0.7149
0.2016,-2.9755,0.7234,0.7234
0.1931,-3.0522,0.7319,0.7319
0.1846,-3.1289,0.7404,0.7404
0.1761,-3.2055,0.7489,0.7489
0.1750,-3.2826,0.7500,0.7500
0.1750,-3.3598,0.7502,0.7502
0.1750,-3.4369,0.7516,0.7516
0.1750,-3.5140,0.7554,0.7554
0.1666,-3.5907,0.7710,0.7710
0.1581,-3.6674,0.7880,0.7880
0.1496,-3.7440,0.8021,0.8021
0.1404,-3.8206,0.8137,0.8137
0.1237,-3.8959,0.8295,0.8295
0.1076,-3.9713,0.8415,0.8415
0.0956,-4.0474,0.8427,0.8427
0.0788,-4.1227,0.8431,0.8431
0.0621,-4.1980,0.8476,0.8476
0.0454,-4.2733,0.8553,0.8553
0.0286,-4.3486,0.8539,0.8539
0.0119,-4.4239,0.8559,0.8559
-0.0011,-4.4998,0.8599,0.8599
-0.0108,-4.5763,0.8624,0.8624
-0.0276,-4.6516,0.8657,0.8657
-0.0430,-4.7271,0.8688,0.8688
-0.0515,-4.8038,0.8725,0.8725
-0.0600,-4.8804,0.8711,0.8711
-0.0686,-4.9571,0.8673,0.8673
-0.0750,-5.0339,0.8645,0.8645
-0.0801,-5.1107,0.8629,0.8629
-0.0886,-5.1874,0.8609,0.8609
-0.1024,-5.2632,0.8644,0.8644
-0.1191,-5.3385,0.8722,0.8722
-0.1358,-5.4138,0.8804,0.8804
-0.1526,-5.4891,0.8888,0.8888
-0.1639,-5.5653,0.8933,0.8933
-0.1753,-5.6415,0.9004,0.9004
-0.1864,-5.7177,0.9064,0.9064
-0.1949,-5.7944,0.9080,0.9080
-0.2041,-5.8710,0.9090,0.9090
-0.2208,-5.9463,0.9174,0.9174
-0.2382,-6.0214,0.9265,0.9265
-0.2595,-6.0954,0.9406,0.9406
-0.2819,-6.1691,0.9581,0.9581
-0.3089,-6.2413,0.9797,0.9797
-0.3443,-6.3098,1.0091,1.0091
-0.3761,-6.3800,1.0335,1.0335
-0.4105,-6.4490,1.0579,1.0579
-0.4481,-6.5163,1.0835,1.0835
-0.4896,-6.5813,1.1111,1.1111
-0.5297,-6.6471,1.1344,1.1344
-0.5725,-6.7113,1.1580,1.1580
-0.6161,-6.7749,1.1740,1.1740
-0.6659,-6.8337,1.1866,1.1866
-0.7204,-6.8882,1.1965,1.1965
-0.7775,-6.9401,1.1991,1.1991
-0.8366,-6.9894,1.1908,1.1908
-0.9008,-7.0322,1.1829,1.1829
-0.9670,-7.0717,1.1686,1.1686
-1.0371,-7.1037,1.1550,1.1550
-1.1076,-7.1351,1.1413,1.1413
-1.1802,-7.1612,1.1317,1.1317
-1.2547,-7.1794,1.1224,1.1224
-1.3314,-7.1872,1.1067,1.1067
-1.4085,-7.1872,1.0891,1.0891
-1.4851,-7.1794,1.0581,1.0581
-1.5604,-7.1627,1.0253,1.0253
-1.6357,-7.1460,0.9867,0.9867
-1.7110,-7.1292,0.9436,0.9436
-1.7863,-7.1125,0.9026,0.9026
-1.8606,-7.0920,0.8628,0.8628
-1.9355,-7.0738,0.8296,0.8296
-2.0098,-7.0534,0.7991,0.7991
-2.0829,-7.0290,0.7686,0.7686
-2.1570,-7.0079,0.7443,0.7443
-2.2307,-6.9853,0.7208,0.7208
-2.3047,-6.9640,0.7011,0.7011
-2.3785,-6.9416,0.6836,0.6836
-2.4524,-6.9200,0.6715,0.6715
-2.5276,-6.9030,0.6692,0.6692
-2.6008,-6.8786,0.6658,0.6658
-2.6754,-6.8593,0.6733,0.6733
-2.7486,-6.8349,0.6820,0.6820
-2.8218,-6.8105,0.6961,0.6961
-2.8916,-6.7780,0.7099,0.7099
-2.9574,-6.7378,0.7188,0.7188
-3.0216,-6.6950,0.7266,0.7266
-3.0823,-6.6474,0.7265,0.7265
-3.1391,-6.5953,0.7211,0.7211
-3.1922,-6.5394,0.7168,0.7168
-3.2412,-6.4799,0.7094,0.7094
-3.2851,-6.4165,0.7022,0.7022
-3.3268,-6.3517,0.6903,0.6903
-3.3643,-6.2843,0.6775,0.6775
-3.3973,-6.2146,0.6683,0.6683
-3.4217,-6.1415,0.6636,0.6636
-3.4461,-6.0683,0.6542,0.6542
-3.4705,-5.9951,0.6424,0.6424
-3.4904,-5.9207,0.6349,0.6349
-3.5050,-5.8450,0.6281,0.6281
-3.5135,-5.7683,0.6215,0.6215
-3.5220,-5.6917,0.6130,0.6130
-3.5250,-5.6147,0.6098,0.6098
-3.5250,-5.5376,0.6077,0.6077
-3.5250,-5.4604,0.6030,0.6030
-3.5250,-5.3833,0.6014,0.6014
-3.5250,-5.3062,0.6014,0.6014
-3.5250,-5.2290,0.6014,0.6014
-3.5180,-5.1523,0.6044,0.6044
-3.5095,-5.0756,0.6087,0.6087
-3.4993,-4.9992,0.6117,0.6117
-3.4825,-4.9239,0.6191,0.6191
-3.4591,-4.8505,0.6272,0.6272
-3.4311,-4.7787,0.6370,0.6370
-3.3992,-4.7085,0.6458,0.6458
-3.3598,-4.6422,0.6524,0.6524
-3.3170,-4.5780,0.6583,0.6583
-3.2742,-4.5139,0.6595,0.6595
-3.2268,-4.4530,0.6623,0.6623
-3.1780,-4.3933,0.6654,0.6654
-3.1267,-4.3357,0.6687,0.6687
-3.0755,-4.2780,0.6727,0.6727
-3.0242,-4.2204,0.6771,0.6771
-2.9730,-4.1627,0.6816,0.6816
-2.9217,-4.1051,0.6900,0.6900
-2.8705,-4.0474,0.6972,0.6972
-2.8192,-3.9898,0.7045,0.7045
-2.7680,-3.9321,0.7132,0.7132
-2.7167,-3.8745,0.7221,0.7221
-2.6655,-3.8168,0.7311,0.7311
-2.6143,-3.7592,0.7407,0.7407
-2.5622,-3.7022,0.7510,0.7510
-2.5087,-3.6467,0.7601,0.7601
-2.4575,-3.5890,0.7686,0.7686
-2.4062,-3.5314,0.7736,0.7736
-2.3578,-3.4714,0.7770,0.7770
-2.3108,-3.4103,0.7750,0.7750
-2.2680,-3.3461,0.7716,0.7716
-2.2252,-3.2819,0.7632,0.7632
-2.1863,-3.2154,0.7554,0.7554
-2.1488,-3.1479,0.7486,0.7486
-2.1114,-3.0805,0.7396,0.7396
-2.0739,-3.0131,0.7287,0.7287
-2.0365,-2.9456,0.7155,0.7155
-1.9990,-2.8782,0.7004,0.7004
-1.9659,-2.8086,0.6880,0.6880
-1.9284,-2.7412,0.6674,0.6674
-1.8910,-2.6737,0.6440,0.6440
-1.8588,-2.6036,0.6237,0.6237
-1.8275,-2.5332,0.6068,0.6068
-1.7964,-2.4626,0.5917,0.5917
-1.7696,-2.3903,0.5818,0.5818
-1.7427,-2.3181,0.5735,0.5735
-1.7183,-2.2450,0.5685,0.5685
-1.6939,-2.1718,0.5675,0.5675
-1.6712,-2.0981,0.5607,0.5607
-1.6545,-2.0228,0.5524,0.5524
-1.6325,-1.9490,0.5448,0.5448
-1.6158,-1.8737,0.5365,0.5365
-1.6009,-1.7981,0.5268,0.5268
-1.5924,-1.7214,0.5168,0.5168
-1.5817,-1.6451,0.5129,0.5129
-1.5650,-1.5698,0.5188,0.5188
-1.5559,-1.4932,0.5218,0.5218
-1.5474,-1.4165,0.5279,0.5279
-1.5389,-1.3399,0.5363,0.5363
-1.5304,-1.2632,0.5460,0.5460
-1.5250,-1.1864,0.5557,0.5557
-1.5250,-1.1092,0.5636,0.5636
-1.5250,-1.0321,0.5722,0.5722
-1.5316,-0.9553,0.5745,0.5745
-1.5401,-0.8787,0.5768,0.5768
-1.5487,-0.8020,0.5811,0.5811
-1.5614,-0.7260,0.5825,0.5825
-1.5782,-0.6507,0.5806,0.5806
-1.5949,-0.5754,0.5816,0.5816
-1.6063,-0.4992,0.5889,0.5889
-1.6230,-0.4239,0.5968,0.5968
-1.6414,-0.3491,0.6015,0.6015
-1.6617,-0.2748,0.6060,0.6060
-1.6851,-0.2013,0.6070,0.6070
-1.7095,-0.1281,0.6068,0.6068
-1.7388,-0.0569,0.6029,0.6029
-1.7632,0.0163,0.6002,0.6002
-1.7925,0.0876,0.5941,0.5941
-1.8194,0.1598,0.5888,0.5888
-1.8462,0.2320,0.5839,0.5839
-1.8725,0.3045,0.5795,0.5795
-1.8999,0.3765,0.5747,0.5747
-1.9257,0.4491,0.5707,0.5707
-1.9536,0.5209,0.5646,0.5646
-1.9780,0.5941,0.5622,0.5622
-2.0024,0.6673,0.5590,0.5590
-2.0262,0.7406,0.5556,0.5556
-2.0461,0.8151,0.5560,0.5560
-2.0702,0.8883,0.5541,0.5541
-2.0898,0.9628,0.5561,0.5561
-2.1141,1.0360,0.5540,0.5540
-2.1335,1.1106,0.5566,0.5566
-2.1579,1.1838,0.5559,0.5559
-2.1823,1.2569,0.5569,0.5569
-2.2067,1.3301,0.5606,0.5606
-2.2292,1.4038,0.5617,0.5617
-2.2504,1.4779,0.5656,0.5656
-2.2731,1.5515,0.5668,0.5668
-2.2899,1.6268,0.5677,0.5677
-2.3118,1.7007,0.5701,0.5701
-2.3286,1.7760,0.5710,0.5710
-2.3453,1.8513,0.5692,0.5692
-2.3620,1.9266,0.5701,0.5701
-2.3788,2.0019,0.5752,0.5752
-2.3955,2.0772,0.5827,0.5827
-2.4049,2.1537,0.5858,0.5858
-2.4182,2.2296,0.5930,0.5930
-2.4350,2.3049,0.6028,0.6028
-2.4468,2.3810,0.6068,0.6068
-2.4553,2.4577,0.6068,0.6068
-2.4638,2.5343,0.6068,0.6068
-2.4751,2.6105,0.6096,0.6096
-2.4863,2.6868,0.6144,0.6144
-2.4948,2.7634,0.6205,0.6205
-2.5092,2.8391,0.6342,0.6342
-2.5260,2.9144,0.6510,0.6510
-2.5427,2.9897,0.6677,0.6677
-2.5562,3.0656,0.6812,0.6812
-2.5708,3.1412,0.6933,0.6933
-2.5876,3.2165,0.7078,0.7078
-2.5981,3.2928,0.7129,0.7129
-2.6066,3.3695,0.7137,0.7137
-2.6151,3.4462,0.7138,0.7138
-2.6236,3.5228,0.7138,0.7138
-2.6250,3.5999,0.7092,0.7092
-2.6296,3.6768,0.7073,0.7073
-2.6382,3.7534,0.7131,0.7131
-2.6467,3.8301,0.7210,0.7210
-2.6552,3.9068,0.7295,0.7295
-2.6637,3.9834,0.7380,0.7380
-2.6722,4.0601,0.7465,0.7465
-2.6748,4.1371,0.7502,0.7502
-2.6663,4.2137,0.7587,0.7587
-2.6577,4.2904,0.7673,0.7673
-2.6458,4.3665,0.7784,0.7784
-2.6290,4.4418,0.7913,0.7913
-2.6123,4.5171,0.8014,0.8014
-2.5903,4.5910,0.8154,0.8154
-2.5704,4.6654,0.8241,0.8241
-2.5457,4.7384,0.8340,0.8340
-2.5167,4.8098,0.8448,0.8448
-2.4878,4.8812,0.8547,0.8547
-2.4565,4.9517,0.8658,0.8658
-2.4251,5.0222,0.8743,0.8743
-2.3888,5.0902,0.8854,0.8854
-2.3495,5.1565,0.8991,0.8991
-2.3067,5.2207,0.9172,0.9172
-2.2639,5.2849,0.9349,0.9349
-2.2194,5.3478,0.9551,0.9551
-2.1669,5.4042,0.9826,0.9826
-2.1124,5.4588,1.0106,1.0106
-2.0578,5.5133,1.0335,1.0335
-1.9997,5.5641,1.0516,1.0516
-1.9399,5.6127,1.0600,1.0600
-1.8738,5.6522,1.0687,1.0687
-1.8033,5.6835,1.0690,1.0690
-1.7328,5.7148,1.0629,1.0629
-1.6595,5.7384,1.0525,1.0525
-1.5842,5.7552,1.0387,1.0387
-1.5077,5.7647,1.0259,1.0259
-1.4311,5.7732,1.0101,1.0101
-1.3548,5.7839,0.9969,0.9969
-1.2786,5.7957,0.9905,0.9905
-1.2020,5.8042,0.9860,0.9860
